{"cameraMode":{"drawMode":0,"name":"Shaded","section":"Shading Mode"},"sceneLighting":true,"audioPlay":false,"sceneViewState":{"showFog":true,"showMaterialUpdate":false,"showSkybox":true,"showFlares":true,"showImageEffects":true,"showParticleSystems":true},"in2DMode":false,"pivot":{"x":552.2388305664063,"y":396.0684814453125,"z":41.31158447265625},"rotation":{"x":0.02280774526298046,"y":-0.004502666648477316,"z":0.0001044236050802283,"w":0.9997350573539734},"size":756.9382934570313,"orthographic":false}